instrument_token,exchange_token,tradingsymbol,name,last_price,expiry,strike,tick_size,lot_size,instrument_type,segment,exchange
13623298,53216,NIFTY25JULFUT,NIFTY,0,7/31/2025,0,0.1,75,FUT,NFO-FUT,NFO
16410370,64103,NIFTY25AUGFUT,NIFTY,0,8/28/2025,0,0.1,75,FUT,NFO-FUT,NFO
13622530,53213,BANKNIFTY25JULFUT,BANKNIFTY,0,7/31/2025,0,0.2,35,FUT,NFO-FUT,NFO
16409602,64100,BANKNIFTY25AUGFUT,BANKNIFTY,0,8/28/2025,0,0.2,35,FUT,NFO-FUT,NFO
13623810,53218,AARTIIND25JULFUT,AARTIIND,0,7/31/2025,0,0.05,1325,FUT,NFO-FUT,NFO
13624066,53219,ABB25JULFUT,ABB,0,7/31/2025,0,0.5,125,FUT,NFO-FUT,NFO
16410882,64105,ABB25AUGFUT,ABB,0,8/28/2025,0,0.5,125,FUT,NFO-FUT,NFO
13624322,53220,ABCAPITAL25JULFUT,ABCAPITAL,0,7/31/2025,0,0.01,3100,FUT,NFO-FUT,NFO
16411138,64106,ABCAPITAL25AUGFUT,ABCAPITAL,0,8/28/2025,0,0.01,3100,FUT,NFO-FUT,NFO
13624578,53221,ABFRL25JULFUT,ABFRL,0,7/31/2025,0,0.01,2600,FUT,NFO-FUT,NFO
16411394,64107,ABFRL25AUGFUT,ABFRL,0,8/28/2025,0,0.01,2600,FUT,NFO-FUT,NFO
13624834,53222,ACC25JULFUT,ACC,0,7/31/2025,0,0.1,300,FUT,NFO-FUT,NFO
13625090,53223,ADANIENSOL25JULFUT,ADANIENSOL,0,7/31/2025,0,0.05,675,FUT,NFO-FUT,NFO
16411650,64108,ADANIENSOL25AUGFUT,ADANIENSOL,0,8/28/2025,0,0.05,675,FUT,NFO-FUT,NFO
13625346,53224,ADANIENT25JULFUT,ADANIENT,0,7/31/2025,0,0.1,300,FUT,NFO-FUT,NFO
16411906,64109,ADANIENT25AUGFUT,ADANIENT,0,8/28/2025,0,0.1,300,FUT,NFO-FUT,NFO
13625602,53225,ADANIGREEN25JULFUT,ADANIGREEN,0,7/31/2025,0,0.1,600,FUT,NFO-FUT,NFO
16412162,64110,ADANIGREEN25AUGFUT,ADANIGREEN,0,8/28/2025,0,0.1,600,FUT,NFO-FUT,NFO
13625858,53226,ADANIPORTS25JULFUT,ADANIPORTS,0,7/31/2025,0,0.1,475,FUT,NFO-FUT,NFO
16412418,64111,ADANIPORTS25AUGFUT,ADANIPORTS,0,8/28/2025,0,0.1,475,FUT,NFO-FUT,NFO
13626114,53227,ALKEM25JULFUT,ALKEM,0,7/31/2025,0,0.5,125,FUT,NFO-FUT,NFO
16412674,64112,ALKEM25AUGFUT,ALKEM,0,8/28/2025,0,0.5,125,FUT,NFO-FUT,NFO
13574914,53027,AMBER25JULFUT,AMBER,0,7/31/2025,0,0.5,100,FUT,NFO-FUT,NFO
13575170,53028,AMBER25AUGFUT,AMBER,0,8/28/2025,0,0.5,100,FUT,NFO-FUT,NFO
13628162,53235,AMBUJACEM25JULFUT,AMBUJACEM,0,7/31/2025,0,0.05,1050,FUT,NFO-FUT,NFO
16412930,64113,AMBUJACEM25AUGFUT,AMBUJACEM,0,8/28/2025,0,0.05,1050,FUT,NFO-FUT,NFO
13628418,53236,ANGELONE25JULFUT,ANGELONE,0,7/31/2025,0,0.1,250,FUT,NFO-FUT,NFO
16413186,64114,ANGELONE25AUGFUT,ANGELONE,0,8/28/2025,0,0.1,250,FUT,NFO-FUT,NFO
13629442,53240,APLAPOLLO25JULFUT,APLAPOLLO,0,7/31/2025,0,0.1,350,FUT,NFO-FUT,NFO
16413442,64115,APLAPOLLO25AUGFUT,APLAPOLLO,0,8/28/2025,0,0.1,350,FUT,NFO-FUT,NFO
13629698,53241,APOLLOHOSP25JULFUT,APOLLOHOSP,0,7/31/2025,0,0.5,125,FUT,NFO-FUT,NFO
16413698,64116,APOLLOHOSP25AUGFUT,APOLLOHOSP,0,8/28/2025,0,0.5,125,FUT,NFO-FUT,NFO
13630466,53244,ASHOKLEY25JULFUT,ASHOKLEY,0,7/31/2025,0,0.01,2500,FUT,NFO-FUT,NFO
16413954,64117,ASHOKLEY25AUGFUT,ASHOKLEY,0,8/28/2025,0,0.01,2500,FUT,NFO-FUT,NFO
13630722,53245,ASIANPAINT25JULFUT,ASIANPAINT,0,7/31/2025,0,0.1,250,FUT,NFO-FUT,NFO
16414210,64118,ASIANPAINT25AUGFUT,ASIANPAINT,0,8/28/2025,0,0.1,250,FUT,NFO-FUT,NFO
13630978,53246,ASTRAL25JULFUT,ASTRAL,0,7/31/2025,0,0.1,425,FUT,NFO-FUT,NFO
16414466,64119,ASTRAL25AUGFUT,ASTRAL,0,8/28/2025,0,0.1,425,FUT,NFO-FUT,NFO
13631234,53247,ATGL25JULFUT,ATGL,0,7/31/2025,0,0.05,875,FUT,NFO-FUT,NFO
16414722,64120,ATGL25AUGFUT,ATGL,0,8/28/2025,0,0.05,875,FUT,NFO-FUT,NFO
13631490,53248,AUBANK25JULFUT,AUBANK,0,7/31/2025,0,0.05,1000,FUT,NFO-FUT,NFO
16414978,64121,AUBANK25AUGFUT,AUBANK,0,8/28/2025,0,0.05,1000,FUT,NFO-FUT,NFO
13631746,53249,AUROPHARMA25JULFUT,AUROPHARMA,0,7/31/2025,0,0.1,550,FUT,NFO-FUT,NFO
16436738,64206,AUROPHARMA25AUGFUT,AUROPHARMA,0,8/28/2025,0,0.1,550,FUT,NFO-FUT,NFO
13632002,53250,AXISBANK25JULFUT,AXISBANK,0,7/31/2025,0,0.1,625,FUT,NFO-FUT,NFO
16436994,64207,AXISBANK25AUGFUT,AXISBANK,0,8/28/2025,0,0.1,625,FUT,NFO-FUT,NFO
13632258,53251,BAJAJ-AUTO25JULFUT,BAJAJ-AUTO,0,7/31/2025,0,0.5,75,FUT,NFO-FUT,NFO
16439554,64217,BAJAJ-AUTO25AUGFUT,BAJAJ-AUTO,0,8/28/2025,0,0.5,75,FUT,NFO-FUT,NFO
13632514,53252,BAJAJFINSV25JULFUT,BAJAJFINSV,0,7/31/2025,0,0.1,500,FUT,NFO-FUT,NFO
16440066,64219,BAJAJFINSV25AUGFUT,BAJAJFINSV,0,8/28/2025,0,0.1,500,FUT,NFO-FUT,NFO
13632770,53253,BAJFINANCE25JULFUT,BAJFINANCE,0,7/31/2025,0,0.5,750,FUT,NFO-FUT,NFO
16440322,64220,BAJFINANCE25AUGFUT,BAJFINANCE,0,8/28/2025,0,0.5,750,FUT,NFO-FUT,NFO
13633026,53254,BALKRISIND25JULFUT,BALKRISIND,0,7/31/2025,0,0.1,300,FUT,NFO-FUT,NFO
13633282,53255,BANDHANBNK25JULFUT,BANDHANBNK,0,7/31/2025,0,0.01,3600,FUT,NFO-FUT,NFO
16440578,64221,BANDHANBNK25AUGFUT,BANDHANBNK,0,8/28/2025,0,0.01,3600,FUT,NFO-FUT,NFO
13633538,53256,BANKBARODA25JULFUT,BANKBARODA,0,7/31/2025,0,0.01,2925,FUT,NFO-FUT,NFO
16440834,64222,BANKBARODA25AUGFUT,BANKBARODA,0,8/28/2025,0,0.01,2925,FUT,NFO-FUT,NFO
13633794,53257,BANKINDIA25JULFUT,BANKINDIA,0,7/31/2025,0,0.01,5200,FUT,NFO-FUT,NFO
16441090,64223,BANKINDIA25AUGFUT,BANKINDIA,0,8/28/2025,0,0.01,5200,FUT,NFO-FUT,NFO
16441602,64225,BDL25JULFUT,BDL,0,7/31/2025,0,0.1,325,FUT,NFO-FUT,NFO
16441858,64226,BDL25AUGFUT,BDL,0,8/28/2025,0,0.1,325,FUT,NFO-FUT,NFO
13634050,53258,BEL25JULFUT,BEL,0,7/31/2025,0,0.05,2850,FUT,NFO-FUT,NFO
16442114,64227,BEL25AUGFUT,BEL,0,8/28/2025,0,0.05,2850,FUT,NFO-FUT,NFO
13634306,53259,BHARATFORG25JULFUT,BHARATFORG,0,7/31/2025,0,0.1,500,FUT,NFO-FUT,NFO
16442370,64228,BHARATFORG25AUGFUT,BHARATFORG,0,8/28/2025,0,0.1,500,FUT,NFO-FUT,NFO
13634562,53260,BHARTIARTL25JULFUT,BHARTIARTL,0,7/31/2025,0,0.1,475,FUT,NFO-FUT,NFO
16442626,64229,BHARTIARTL25AUGFUT,BHARTIARTL,0,8/28/2025,0,0.1,475,FUT,NFO-FUT,NFO
13634818,53261,BHEL25JULFUT,BHEL,0,7/31/2025,0,0.05,2625,FUT,NFO-FUT,NFO
16442882,64230,BHEL25AUGFUT,BHEL,0,8/28/2025,0,0.05,2625,FUT,NFO-FUT,NFO
13635074,53262,BIOCON25JULFUT,BIOCON,0,7/31/2025,0,0.05,2500,FUT,NFO-FUT,NFO
16443138,64231,BIOCON25AUGFUT,BIOCON,0,8/28/2025,0,0.05,2500,FUT,NFO-FUT,NFO
16443650,64233,BLUESTARCO25JULFUT,BLUESTARCO,0,7/31/2025,0,0.1,325,FUT,NFO-FUT,NFO
16447490,64248,BLUESTARCO25AUGFUT,BLUESTARCO,0,8/28/2025,0,0.1,325,FUT,NFO-FUT,NFO
13635330,53263,BOSCHLTD25JULFUT,BOSCHLTD,0,7/31/2025,0,5,25,FUT,NFO-FUT,NFO
16447746,64249,BOSCHLTD25AUGFUT,BOSCHLTD,0,8/28/2025,0,5,25,FUT,NFO-FUT,NFO
13635586,53264,BPCL25JULFUT,BPCL,0,7/31/2025,0,0.05,1975,FUT,NFO-FUT,NFO
16479234,64372,BPCL25AUGFUT,BPCL,0,8/28/2025,0,0.05,1975,FUT,NFO-FUT,NFO
13635842,53265,BRITANNIA25JULFUT,BRITANNIA,0,7/31/2025,0,0.5,125,FUT,NFO-FUT,NFO
16479490,64373,BRITANNIA25AUGFUT,BRITANNIA,0,8/28/2025,0,0.5,125,FUT,NFO-FUT,NFO
13636610,53268,BSE25JULFUT,BSE,0,7/31/2025,0,0.1,375,FUT,NFO-FUT,NFO
16480770,64378,BSE25AUGFUT,BSE,0,8/28/2025,0,0.1,375,FUT,NFO-FUT,NFO
13636866,53269,BSOFT25JULFUT,BSOFT,0,7/31/2025,0,0.05,1300,FUT,NFO-FUT,NFO
13637122,53270,CAMS25JULFUT,CAMS,0,7/31/2025,0,0.1,150,FUT,NFO-FUT,NFO
16481026,64379,CAMS25AUGFUT,CAMS,0,8/28/2025,0,0.1,150,FUT,NFO-FUT,NFO
13637890,53273,CANBK25JULFUT,CANBK,0,7/31/2025,0,0.01,6750,FUT,NFO-FUT,NFO
16481282,64380,CANBK25AUGFUT,CANBK,0,8/28/2025,0,0.01,6750,FUT,NFO-FUT,NFO
13638146,53274,CDSL25JULFUT,CDSL,0,7/31/2025,0,0.1,475,FUT,NFO-FUT,NFO
16481538,64381,CDSL25AUGFUT,CDSL,0,8/28/2025,0,0.1,475,FUT,NFO-FUT,NFO
13638402,53275,CESC25JULFUT,CESC,0,7/31/2025,0,0.01,3625,FUT,NFO-FUT,NFO
16481794,64382,CESC25AUGFUT,CESC,0,8/28/2025,0,0.01,3625,FUT,NFO-FUT,NFO
13638658,53276,CGPOWER25JULFUT,CGPOWER,0,7/31/2025,0,0.05,850,FUT,NFO-FUT,NFO
16482050,64383,CGPOWER25AUGFUT,CGPOWER,0,8/28/2025,0,0.05,850,FUT,NFO-FUT,NFO
13638914,53277,CHAMBLFERT25JULFUT,CHAMBLFERT,0,7/31/2025,0,0.05,950,FUT,NFO-FUT,NFO
13639170,53278,CHOLAFIN25JULFUT,CHOLAFIN,0,7/31/2025,0,0.1,625,FUT,NFO-FUT,NFO
16483074,64387,CHOLAFIN25AUGFUT,CHOLAFIN,0,8/28/2025,0,0.1,625,FUT,NFO-FUT,NFO
13639426,53279,CIPLA25JULFUT,CIPLA,0,7/31/2025,0,0.1,375,FUT,NFO-FUT,NFO
16483330,64388,CIPLA25AUGFUT,CIPLA,0,8/28/2025,0,0.1,375,FUT,NFO-FUT,NFO
13639682,53280,COALINDIA25JULFUT,COALINDIA,0,7/31/2025,0,0.05,1350,FUT,NFO-FUT,NFO
16483842,64390,COALINDIA25AUGFUT,COALINDIA,0,8/28/2025,0,0.05,1350,FUT,NFO-FUT,NFO
13639938,53281,COFORGE25JULFUT,COFORGE,0,7/31/2025,0,0.5,375,FUT,NFO-FUT,NFO
16484098,64391,COFORGE25AUGFUT,COFORGE,0,8/28/2025,0,0.5,375,FUT,NFO-FUT,NFO
13640706,53284,COLPAL25JULFUT,COLPAL,0,7/31/2025,0,0.1,225,FUT,NFO-FUT,NFO
16484354,64392,COLPAL25AUGFUT,COLPAL,0,8/28/2025,0,0.1,225,FUT,NFO-FUT,NFO
13641986,53289,CONCOR25JULFUT,CONCOR,0,7/31/2025,0,0.05,1000,FUT,NFO-FUT,NFO
16484610,64393,CONCOR25AUGFUT,CONCOR,0,8/28/2025,0,0.05,1000,FUT,NFO-FUT,NFO
13642242,53290,CROMPTON25JULFUT,CROMPTON,0,7/31/2025,0,0.05,1800,FUT,NFO-FUT,NFO
16484866,64394,CROMPTON25AUGFUT,CROMPTON,0,8/28/2025,0,0.05,1800,FUT,NFO-FUT,NFO
13642498,53291,CUMMINSIND25JULFUT,CUMMINSIND,0,7/31/2025,0,0.1,200,FUT,NFO-FUT,NFO
16485122,64395,CUMMINSIND25AUGFUT,CUMMINSIND,0,8/28/2025,0,0.1,200,FUT,NFO-FUT,NFO
13642754,53292,CYIENT25JULFUT,CYIENT,0,7/31/2025,0,0.1,425,FUT,NFO-FUT,NFO
16485378,64396,CYIENT25AUGFUT,CYIENT,0,8/28/2025,0,0.1,425,FUT,NFO-FUT,NFO
13643010,53293,DABUR25JULFUT,DABUR,0,7/31/2025,0,0.05,1250,FUT,NFO-FUT,NFO
16485634,64397,DABUR25AUGFUT,DABUR,0,8/28/2025,0,0.05,1250,FUT,NFO-FUT,NFO
13643266,53294,DALBHARAT25JULFUT,DALBHARAT,0,7/31/2025,0,0.1,325,FUT,NFO-FUT,NFO
16485890,64398,DALBHARAT25AUGFUT,DALBHARAT,0,8/28/2025,0,0.1,325,FUT,NFO-FUT,NFO
13643522,53295,DELHIVERY25JULFUT,DELHIVERY,0,7/31/2025,0,0.05,2075,FUT,NFO-FUT,NFO
16486146,64399,DELHIVERY25AUGFUT,DELHIVERY,0,8/28/2025,0,0.05,2075,FUT,NFO-FUT,NFO
13643778,53296,DIVISLAB25JULFUT,DIVISLAB,0,7/31/2025,0,0.5,100,FUT,NFO-FUT,NFO
16486402,64400,DIVISLAB25AUGFUT,DIVISLAB,0,8/28/2025,0,0.5,100,FUT,NFO-FUT,NFO
13644034,53297,DIXON25JULFUT,DIXON,0,7/31/2025,0,1,50,FUT,NFO-FUT,NFO
16486658,64401,DIXON25AUGFUT,DIXON,0,8/28/2025,0,1,50,FUT,NFO-FUT,NFO
13644290,53298,DLF25JULFUT,DLF,0,7/31/2025,0,0.05,825,FUT,NFO-FUT,NFO
16486914,64402,DLF25AUGFUT,DLF,0,8/28/2025,0,0.05,825,FUT,NFO-FUT,NFO
13644546,53299,DMART25JULFUT,DMART,0,7/31/2025,0,0.1,150,FUT,NFO-FUT,NFO
16487170,64403,DMART25AUGFUT,DMART,0,8/28/2025,0,0.1,150,FUT,NFO-FUT,NFO
13644802,53300,DRREDDY25JULFUT,DRREDDY,0,7/31/2025,0,0.1,625,FUT,NFO-FUT,NFO
16487426,64404,DRREDDY25AUGFUT,DRREDDY,0,8/28/2025,0,0.1,625,FUT,NFO-FUT,NFO
13645058,53301,EICHERMOT25JULFUT,EICHERMOT,0,7/31/2025,0,0.5,175,FUT,NFO-FUT,NFO
16487682,64405,EICHERMOT25AUGFUT,EICHERMOT,0,8/28/2025,0,0.5,175,FUT,NFO-FUT,NFO
13645314,53302,ETERNAL25JULFUT,ETERNAL,0,7/31/2025,0,0.01,2425,FUT,NFO-FUT,NFO
16488194,64407,ETERNAL25AUGFUT,ETERNAL,0,8/28/2025,0,0.01,2425,FUT,NFO-FUT,NFO
13645570,53303,EXIDEIND25JULFUT,EXIDEIND,0,7/31/2025,0,0.05,1800,FUT,NFO-FUT,NFO
16488706,64409,EXIDEIND25AUGFUT,EXIDEIND,0,8/28/2025,0,0.05,1800,FUT,NFO-FUT,NFO
13645826,53304,FEDERALBNK25JULFUT,FEDERALBNK,0,7/31/2025,0,0.01,5000,FUT,NFO-FUT,NFO
16488962,64410,FEDERALBNK25AUGFUT,FEDERALBNK,0,8/28/2025,0,0.01,5000,FUT,NFO-FUT,NFO
13622786,53214,FINNIFTY25JULFUT,FINNIFTY,0,7/31/2025,0,0.1,65,FUT,NFO-FUT,NFO
16409858,64101,FINNIFTY25AUGFUT,FINNIFTY,0,8/28/2025,0,0.1,65,FUT,NFO-FUT,NFO
16489474,64412,FORTIS25JULFUT,FORTIS,0,7/31/2025,0,0.05,775,FUT,NFO-FUT,NFO
16489730,64413,FORTIS25AUGFUT,FORTIS,0,8/28/2025,0,0.05,775,FUT,NFO-FUT,NFO
13646082,53305,GAIL25JULFUT,GAIL,0,7/31/2025,0,0.01,3150,FUT,NFO-FUT,NFO
16489986,64414,GAIL25AUGFUT,GAIL,0,8/28/2025,0,0.01,3150,FUT,NFO-FUT,NFO
13646338,53306,GLENMARK25JULFUT,GLENMARK,0,7/31/2025,0,0.1,375,FUT,NFO-FUT,NFO
16490242,64415,GLENMARK25AUGFUT,GLENMARK,0,8/28/2025,0,0.1,375,FUT,NFO-FUT,NFO
13646594,53307,GMRAIRPORT25JULFUT,GMRAIRPORT,0,7/31/2025,0,0.01,6975,FUT,NFO-FUT,NFO
16490498,64416,GMRAIRPORT25AUGFUT,GMRAIRPORT,0,8/28/2025,0,0.01,6975,FUT,NFO-FUT,NFO
13646850,53308,GODREJCP25JULFUT,GODREJCP,0,7/31/2025,0,0.1,500,FUT,NFO-FUT,NFO
16490754,64417,GODREJCP25AUGFUT,GODREJCP,0,8/28/2025,0,0.1,500,FUT,NFO-FUT,NFO
13647106,53309,GODREJPROP25JULFUT,GODREJPROP,0,7/31/2025,0,0.1,275,FUT,NFO-FUT,NFO
16491010,64418,GODREJPROP25AUGFUT,GODREJPROP,0,8/28/2025,0,0.1,275,FUT,NFO-FUT,NFO
13647362,53310,GRANULES25JULFUT,GRANULES,0,7/31/2025,0,0.05,1075,FUT,NFO-FUT,NFO
16491266,64419,GRANULES25AUGFUT,GRANULES,0,8/28/2025,0,0.05,1075,FUT,NFO-FUT,NFO
13647618,53311,GRASIM25JULFUT,GRASIM,0,7/31/2025,0,0.1,250,FUT,NFO-FUT,NFO
16491522,64420,GRASIM25AUGFUT,GRASIM,0,8/28/2025,0,0.1,250,FUT,NFO-FUT,NFO
13647874,53312,HAL25JULFUT,HAL,0,7/31/2025,0,0.1,150,FUT,NFO-FUT,NFO
16491778,64421,HAL25AUGFUT,HAL,0,8/28/2025,0,0.1,150,FUT,NFO-FUT,NFO
13648130,53313,HAVELLS25JULFUT,HAVELLS,0,7/31/2025,0,0.1,500,FUT,NFO-FUT,NFO
16492034,64422,HAVELLS25AUGFUT,HAVELLS,0,8/28/2025,0,0.1,500,FUT,NFO-FUT,NFO
13648386,53314,HCLTECH25JULFUT,HCLTECH,0,7/31/2025,0,0.1,350,FUT,NFO-FUT,NFO
16492290,64423,HCLTECH25AUGFUT,HCLTECH,0,8/28/2025,0,0.1,350,FUT,NFO-FUT,NFO
13648642,53315,HDFCAMC25JULFUT,HDFCAMC,0,7/31/2025,0,0.1,150,FUT,NFO-FUT,NFO
16492546,64424,HDFCAMC25AUGFUT,HDFCAMC,0,8/28/2025,0,0.1,150,FUT,NFO-FUT,NFO
13648898,53316,HDFCBANK25JULFUT,HDFCBANK,0,7/31/2025,0,0.1,550,FUT,NFO-FUT,NFO
16492802,64425,HDFCBANK25AUGFUT,HDFCBANK,0,8/28/2025,0,0.1,550,FUT,NFO-FUT,NFO
13649154,53317,HDFCLIFE25JULFUT,HDFCLIFE,0,7/31/2025,0,0.05,1100,FUT,NFO-FUT,NFO
16493058,64426,HDFCLIFE25AUGFUT,HDFCLIFE,0,8/28/2025,0,0.05,1100,FUT,NFO-FUT,NFO
13649410,53318,HEROMOTOCO25JULFUT,HEROMOTOCO,0,7/31/2025,0,0.1,150,FUT,NFO-FUT,NFO
16493314,64427,HEROMOTOCO25AUGFUT,HEROMOTOCO,0,8/28/2025,0,0.1,150,FUT,NFO-FUT,NFO
13649666,53319,HFCL25JULFUT,HFCL,0,7/31/2025,0,0.01,6450,FUT,NFO-FUT,NFO
16493570,64428,HFCL25AUGFUT,HFCL,0,8/28/2025,0,0.01,6450,FUT,NFO-FUT,NFO
13650178,53321,HINDALCO25JULFUT,HINDALCO,0,7/31/2025,0,0.05,1400,FUT,NFO-FUT,NFO
16493826,64429,HINDALCO25AUGFUT,HINDALCO,0,8/28/2025,0,0.05,1400,FUT,NFO-FUT,NFO
13650434,53322,HINDCOPPER25JULFUT,HINDCOPPER,0,7/31/2025,0,0.01,2650,FUT,NFO-FUT,NFO
13650690,53323,HINDPETRO25JULFUT,HINDPETRO,0,7/31/2025,0,0.05,2025,FUT,NFO-FUT,NFO
16494082,64430,HINDPETRO25AUGFUT,HINDPETRO,0,8/28/2025,0,0.05,2025,FUT,NFO-FUT,NFO
13650946,53324,HINDUNILVR25JULFUT,HINDUNILVR,0,7/31/2025,0,0.1,300,FUT,NFO-FUT,NFO
16494338,64431,HINDUNILVR25AUGFUT,HINDUNILVR,0,8/28/2025,0,0.1,300,FUT,NFO-FUT,NFO
13651202,53325,HINDZINC25JULFUT,HINDZINC,0,7/31/2025,0,0.05,1225,FUT,NFO-FUT,NFO
16494594,64432,HINDZINC25AUGFUT,HINDZINC,0,8/28/2025,0,0.05,1225,FUT,NFO-FUT,NFO
13651458,53326,HUDCO25JULFUT,HUDCO,0,7/31/2025,0,0.01,2775,FUT,NFO-FUT,NFO
16494850,64433,HUDCO25AUGFUT,HUDCO,0,8/28/2025,0,0.01,2775,FUT,NFO-FUT,NFO
13651714,53327,ICICIBANK25JULFUT,ICICIBANK,0,7/31/2025,0,0.1,700,FUT,NFO-FUT,NFO
16495106,64434,ICICIBANK25AUGFUT,ICICIBANK,0,8/28/2025,0,0.1,700,FUT,NFO-FUT,NFO
13651970,53328,ICICIGI25JULFUT,ICICIGI,0,7/31/2025,0,0.1,325,FUT,NFO-FUT,NFO
16495362,64435,ICICIGI25AUGFUT,ICICIGI,0,8/28/2025,0,0.1,325,FUT,NFO-FUT,NFO
13652226,53329,ICICIPRULI25JULFUT,ICICIPRULI,0,7/31/2025,0,0.05,925,FUT,NFO-FUT,NFO
16495618,64436,ICICIPRULI25AUGFUT,ICICIPRULI,0,8/28/2025,0,0.05,925,FUT,NFO-FUT,NFO
13652482,53330,IDEA25JULFUT,IDEA,0,7/31/2025,0,0.01,71475,FUT,NFO-FUT,NFO
16495874,64437,IDEA25AUGFUT,IDEA,0,8/28/2025,0,0.01,71475,FUT,NFO-FUT,NFO
13653506,53334,IDFCFIRSTB25JULFUT,IDFCFIRSTB,0,7/31/2025,0,0.01,9275,FUT,NFO-FUT,NFO
16496130,64438,IDFCFIRSTB25AUGFUT,IDFCFIRSTB,0,8/28/2025,0,0.01,9275,FUT,NFO-FUT,NFO
13653762,53335,IEX25JULFUT,IEX,0,7/31/2025,0,0.01,3750,FUT,NFO-FUT,NFO
16496386,64439,IEX25AUGFUT,IEX,0,8/28/2025,0,0.01,3750,FUT,NFO-FUT,NFO
13654018,53336,IGL25JULFUT,IGL,0,7/31/2025,0,0.01,2750,FUT,NFO-FUT,NFO
16496642,64440,IGL25AUGFUT,IGL,0,8/28/2025,0,0.01,2750,FUT,NFO-FUT,NFO
13654274,53337,IIFL25JULFUT,IIFL,0,7/31/2025,0,0.05,1650,FUT,NFO-FUT,NFO
16496898,64441,IIFL25AUGFUT,IIFL,0,8/28/2025,0,0.05,1650,FUT,NFO-FUT,NFO
13654530,53338,INDHOTEL25JULFUT,INDHOTEL,0,7/31/2025,0,0.05,1000,FUT,NFO-FUT,NFO
16497154,64442,INDHOTEL25AUGFUT,INDHOTEL,0,8/28/2025,0,0.05,1000,FUT,NFO-FUT,NFO
13654786,53339,INDIANB25JULFUT,INDIANB,0,7/31/2025,0,0.05,1000,FUT,NFO-FUT,NFO
16497410,64443,INDIANB25AUGFUT,INDIANB,0,8/28/2025,0,0.05,1000,FUT,NFO-FUT,NFO
13655042,53340,INDIGO25JULFUT,INDIGO,0,7/31/2025,0,0.5,150,FUT,NFO-FUT,NFO
16499458,64451,INDIGO25AUGFUT,INDIGO,0,8/28/2025,0,0.5,150,FUT,NFO-FUT,NFO
13655298,53341,INDUSINDBK25JULFUT,INDUSINDBK,0,7/31/2025,0,0.05,700,FUT,NFO-FUT,NFO
16499714,64452,INDUSINDBK25AUGFUT,INDUSINDBK,0,8/28/2025,0,0.05,700,FUT,NFO-FUT,NFO
13655554,53342,INDUSTOWER25JULFUT,INDUSTOWER,0,7/31/2025,0,0.05,1700,FUT,NFO-FUT,NFO
16499970,64453,INDUSTOWER25AUGFUT,INDUSTOWER,0,8/28/2025,0,0.05,1700,FUT,NFO-FUT,NFO
13655810,53343,INFY25JULFUT,INFY,0,7/31/2025,0,0.1,400,FUT,NFO-FUT,NFO
16500226,64454,INFY25AUGFUT,INFY,0,8/28/2025,0,0.1,400,FUT,NFO-FUT,NFO
13656066,53344,INOXWIND25JULFUT,INOXWIND,0,7/31/2025,0,0.01,3225,FUT,NFO-FUT,NFO
16500738,64456,INOXWIND25AUGFUT,INOXWIND,0,8/28/2025,0,0.01,3225,FUT,NFO-FUT,NFO
13656322,53345,IOC25JULFUT,IOC,0,7/31/2025,0,0.01,4875,FUT,NFO-FUT,NFO
16500994,64457,IOC25AUGFUT,IOC,0,8/28/2025,0,0.01,4875,FUT,NFO-FUT,NFO
13656578,53346,IRB25JULFUT,IRB,0,7/31/2025,0,0.01,11675,FUT,NFO-FUT,NFO
16524034,64547,IRB25AUGFUT,IRB,0,8/28/2025,0,0.01,11675,FUT,NFO-FUT,NFO
13656834,53347,IRCTC25JULFUT,IRCTC,0,7/31/2025,0,0.05,875,FUT,NFO-FUT,NFO
16524290,64548,IRCTC25AUGFUT,IRCTC,0,8/28/2025,0,0.05,875,FUT,NFO-FUT,NFO
13657090,53348,IREDA25JULFUT,IREDA,0,7/31/2025,0,0.01,3450,FUT,NFO-FUT,NFO
16540930,64613,IREDA25AUGFUT,IREDA,0,8/28/2025,0,0.01,3450,FUT,NFO-FUT,NFO
13657858,53351,IRFC25JULFUT,IRFC,0,7/31/2025,0,0.01,4250,FUT,NFO-FUT,NFO
16541186,64614,IRFC25AUGFUT,IRFC,0,8/28/2025,0,0.01,4250,FUT,NFO-FUT,NFO
13658114,53352,ITC25JULFUT,ITC,0,7/31/2025,0,0.05,1600,FUT,NFO-FUT,NFO
16541442,64615,ITC25AUGFUT,ITC,0,8/28/2025,0,0.05,1600,FUT,NFO-FUT,NFO
13658370,53353,JINDALSTEL25JULFUT,JINDALSTEL,0,7/31/2025,0,0.05,625,FUT,NFO-FUT,NFO
16541698,64616,JINDALSTEL25AUGFUT,JINDALSTEL,0,8/28/2025,0,0.05,625,FUT,NFO-FUT,NFO
13658626,53354,JIOFIN25JULFUT,JIOFIN,0,7/31/2025,0,0.05,2350,FUT,NFO-FUT,NFO
16541954,64617,JIOFIN25AUGFUT,JIOFIN,0,8/28/2025,0,0.05,2350,FUT,NFO-FUT,NFO
13658882,53355,JSL25JULFUT,JSL,0,7/31/2025,0,0.05,850,FUT,NFO-FUT,NFO
16542210,64618,JSL25AUGFUT,JSL,0,8/28/2025,0,0.05,850,FUT,NFO-FUT,NFO
13659650,53358,JSWENERGY25JULFUT,JSWENERGY,0,7/31/2025,0,0.05,1000,FUT,NFO-FUT,NFO
16542466,64619,JSWENERGY25AUGFUT,JSWENERGY,0,8/28/2025,0,0.05,1000,FUT,NFO-FUT,NFO
13659906,53359,JSWSTEEL25JULFUT,JSWSTEEL,0,7/31/2025,0,0.05,675,FUT,NFO-FUT,NFO
16542722,64620,JSWSTEEL25AUGFUT,JSWSTEEL,0,8/28/2025,0,0.05,675,FUT,NFO-FUT,NFO
13661698,53366,JUBLFOOD25JULFUT,JUBLFOOD,0,7/31/2025,0,0.05,1250,FUT,NFO-FUT,NFO
16542978,64621,JUBLFOOD25AUGFUT,JUBLFOOD,0,8/28/2025,0,0.05,1250,FUT,NFO-FUT,NFO
13661954,53367,KALYANKJIL25JULFUT,KALYANKJIL,0,7/31/2025,0,0.05,1175,FUT,NFO-FUT,NFO
16543234,64622,KALYANKJIL25AUGFUT,KALYANKJIL,0,8/28/2025,0,0.05,1175,FUT,NFO-FUT,NFO
16543746,64624,KAYNES25JULFUT,KAYNES,0,7/31/2025,0,0.5,100,FUT,NFO-FUT,NFO
16544002,64625,KAYNES25AUGFUT,KAYNES,0,8/28/2025,0,0.5,100,FUT,NFO-FUT,NFO
13662210,53368,KEI25JULFUT,KEI,0,7/31/2025,0,0.1,175,FUT,NFO-FUT,NFO
16544258,64626,KEI25AUGFUT,KEI,0,8/28/2025,0,0.1,175,FUT,NFO-FUT,NFO
13641218,53286,KFINTECH25JULFUT,KFINTECH,0,7/31/2025,0,0.1,450,FUT,NFO-FUT,NFO
13641474,53287,KFINTECH25AUGFUT,KFINTECH,0,8/28/2025,0,0.1,450,FUT,NFO-FUT,NFO
13662466,53369,KOTAKBANK25JULFUT,KOTAKBANK,0,7/31/2025,0,0.1,400,FUT,NFO-FUT,NFO
16544514,64627,KOTAKBANK25AUGFUT,KOTAKBANK,0,8/28/2025,0,0.1,400,FUT,NFO-FUT,NFO
13662722,53370,KPITTECH25JULFUT,KPITTECH,0,7/31/2025,0,0.1,400,FUT,NFO-FUT,NFO
16544770,64628,KPITTECH25AUGFUT,KPITTECH,0,8/28/2025,0,0.1,400,FUT,NFO-FUT,NFO
13662978,53371,LAURUSLABS25JULFUT,LAURUSLABS,0,7/31/2025,0,0.05,1700,FUT,NFO-FUT,NFO
16545026,64629,LAURUSLABS25AUGFUT,LAURUSLABS,0,8/28/2025,0,0.05,1700,FUT,NFO-FUT,NFO
13663234,53372,LICHSGFIN25JULFUT,LICHSGFIN,0,7/31/2025,0,0.05,1000,FUT,NFO-FUT,NFO
16545282,64630,LICHSGFIN25AUGFUT,LICHSGFIN,0,8/28/2025,0,0.05,1000,FUT,NFO-FUT,NFO
13663490,53373,LICI25JULFUT,LICI,0,7/31/2025,0,0.05,700,FUT,NFO-FUT,NFO
16545538,64631,LICI25AUGFUT,LICI,0,8/28/2025,0,0.05,700,FUT,NFO-FUT,NFO
13663746,53374,LODHA25JULFUT,LODHA,0,7/31/2025,0,0.1,450,FUT,NFO-FUT,NFO
16545794,64632,LODHA25AUGFUT,LODHA,0,8/28/2025,0,0.1,450,FUT,NFO-FUT,NFO
13664002,53375,LT25JULFUT,LT,0,7/31/2025,0,0.1,175,FUT,NFO-FUT,NFO
16546050,64633,LT25AUGFUT,LT,0,8/28/2025,0,0.1,175,FUT,NFO-FUT,NFO
13664258,53376,LTF25JULFUT,LTF,0,7/31/2025,0,0.01,4462,FUT,NFO-FUT,NFO
16546306,64634,LTF25AUGFUT,LTF,0,8/28/2025,0,0.01,4462,FUT,NFO-FUT,NFO
13664514,53377,LTIM25JULFUT,LTIM,0,7/31/2025,0,0.5,150,FUT,NFO-FUT,NFO
16546562,64635,LTIM25AUGFUT,LTIM,0,8/28/2025,0,0.5,150,FUT,NFO-FUT,NFO
13664770,53378,LUPIN25JULFUT,LUPIN,0,7/31/2025,0,0.1,425,FUT,NFO-FUT,NFO
16546818,64636,LUPIN25AUGFUT,LUPIN,0,8/28/2025,0,0.1,425,FUT,NFO-FUT,NFO
13665026,53379,M&M25JULFUT,M&M,0,7/31/2025,0,0.1,200,FUT,NFO-FUT,NFO
16547074,64637,M&M25AUGFUT,M&M,0,8/28/2025,0,0.1,200,FUT,NFO-FUT,NFO
13665282,53380,M&MFIN25JULFUT,M&MFIN,0,7/31/2025,0,0.05,2056,FUT,NFO-FUT,NFO
13665538,53381,MANAPPURAM25JULFUT,MANAPPURAM,0,7/31/2025,0,0.01,3000,FUT,NFO-FUT,NFO
16613634,64897,MANAPPURAM25AUGFUT,MANAPPURAM,0,8/28/2025,0,0.01,3000,FUT,NFO-FUT,NFO
16614658,64901,MANKIND25JULFUT,MANKIND,0,7/31/2025,0,0.1,225,FUT,NFO-FUT,NFO
16614914,64902,MANKIND25AUGFUT,MANKIND,0,8/28/2025,0,0.1,225,FUT,NFO-FUT,NFO
13665794,53382,MARICO25JULFUT,MARICO,0,7/31/2025,0,0.05,1200,FUT,NFO-FUT,NFO
16615170,64903,MARICO25AUGFUT,MARICO,0,8/28/2025,0,0.05,1200,FUT,NFO-FUT,NFO
13666050,53383,MARUTI25JULFUT,MARUTI,0,7/31/2025,0,1,50,FUT,NFO-FUT,NFO
16615426,64904,MARUTI25AUGFUT,MARUTI,0,8/28/2025,0,1,50,FUT,NFO-FUT,NFO
13666306,53384,MAXHEALTH25JULFUT,MAXHEALTH,0,7/31/2025,0,0.1,525,FUT,NFO-FUT,NFO
16615682,64905,MAXHEALTH25AUGFUT,MAXHEALTH,0,8/28/2025,0,0.1,525,FUT,NFO-FUT,NFO
16616194,64907,MAZDOCK25JULFUT,MAZDOCK,0,7/31/2025,0,0.1,175,FUT,NFO-FUT,NFO
16616450,64908,MAZDOCK25AUGFUT,MAZDOCK,0,8/28/2025,0,0.1,175,FUT,NFO-FUT,NFO
13666562,53385,MCX25JULFUT,MCX,0,7/31/2025,0,0.5,125,FUT,NFO-FUT,NFO
16624130,64938,MCX25AUGFUT,MCX,0,8/28/2025,0,0.5,125,FUT,NFO-FUT,NFO
13666818,53386,MFSL25JULFUT,MFSL,0,7/31/2025,0,0.1,800,FUT,NFO-FUT,NFO
16624386,64939,MFSL25AUGFUT,MFSL,0,8/28/2025,0,0.1,800,FUT,NFO-FUT,NFO
13667074,53387,MGL25JULFUT,MGL,0,7/31/2025,0,0.1,400,FUT,NFO-FUT,NFO
13623042,53215,MIDCPNIFTY25JULFUT,MIDCPNIFTY,0,7/31/2025,0,0.05,140,FUT,NFO-FUT,NFO
16410114,64102,MIDCPNIFTY25AUGFUT,MIDCPNIFTY,0,8/28/2025,0,0.05,140,FUT,NFO-FUT,NFO
13667330,53388,MOTHERSON25JULFUT,MOTHERSON,0,7/31/2025,0,0.01,4100,FUT,NFO-FUT,NFO
16625154,64942,MOTHERSON25AUGFUT,MOTHERSON,0,8/28/2025,0,0.01,4100,FUT,NFO-FUT,NFO
13667586,53389,MPHASIS25JULFUT,MPHASIS,0,7/31/2025,0,0.1,275,FUT,NFO-FUT,NFO
16625410,64943,MPHASIS25AUGFUT,MPHASIS,0,8/28/2025,0,0.1,275,FUT,NFO-FUT,NFO
13667842,53390,MUTHOOTFIN25JULFUT,MUTHOOTFIN,0,7/31/2025,0,0.1,275,FUT,NFO-FUT,NFO
16625666,64944,MUTHOOTFIN25AUGFUT,MUTHOOTFIN,0,8/28/2025,0,0.1,275,FUT,NFO-FUT,NFO
13668098,53391,NATIONALUM25JULFUT,NATIONALUM,0,7/31/2025,0,0.01,3750,FUT,NFO-FUT,NFO
16626946,64949,NATIONALUM25AUGFUT,NATIONALUM,0,8/28/2025,0,0.01,3750,FUT,NFO-FUT,NFO
13668354,53392,NAUKRI25JULFUT,NAUKRI,0,7/31/2025,0,0.1,375,FUT,NFO-FUT,NFO
16627202,64950,NAUKRI25AUGFUT,NAUKRI,0,8/28/2025,0,0.1,375,FUT,NFO-FUT,NFO
13668610,53393,NBCC25JULFUT,NBCC,0,7/31/2025,0,0.01,6500,FUT,NFO-FUT,NFO
16627458,64951,NBCC25AUGFUT,NBCC,0,8/28/2025,0,0.01,6500,FUT,NFO-FUT,NFO
13668866,53394,NCC25JULFUT,NCC,0,7/31/2025,0,0.01,2700,FUT,NFO-FUT,NFO
16627714,64952,NCC25AUGFUT,NCC,0,8/28/2025,0,0.01,2700,FUT,NFO-FUT,NFO
13669122,53395,NESTLEIND25JULFUT,NESTLEIND,0,7/31/2025,0,0.1,250,FUT,NFO-FUT,NFO
16627970,64953,NESTLEIND25AUGFUT,NESTLEIND,0,8/28/2025,0,0.1,250,FUT,NFO-FUT,NFO
13669378,53396,NHPC25JULFUT,NHPC,0,7/31/2025,0,0.01,6400,FUT,NFO-FUT,NFO
16628226,64954,NHPC25AUGFUT,NHPC,0,8/28/2025,0,0.01,6400,FUT,NFO-FUT,NFO
13623554,53217,NIFTYNXT5025JULFUT,NIFTYNXT50,0,7/31/2025,0,0.2,25,FUT,NFO-FUT,NFO
16410626,64104,NIFTYNXT5025AUGFUT,NIFTYNXT50,0,8/28/2025,0,0.2,25,FUT,NFO-FUT,NFO
13669634,53397,NMDC25JULFUT,NMDC,0,7/31/2025,0,0.01,13500,FUT,NFO-FUT,NFO
16629506,64959,NMDC25AUGFUT,NMDC,0,8/28/2025,0,0.01,13500,FUT,NFO-FUT,NFO
13669890,53398,NTPC25JULFUT,NTPC,0,7/31/2025,0,0.05,1500,FUT,NFO-FUT,NFO
16630274,64962,NTPC25AUGFUT,NTPC,0,8/28/2025,0,0.05,1500,FUT,NFO-FUT,NFO
13670146,53399,NYKAA25JULFUT,NYKAA,0,7/31/2025,0,0.01,3125,FUT,NFO-FUT,NFO
16630530,64963,NYKAA25AUGFUT,NYKAA,0,8/28/2025,0,0.01,3125,FUT,NFO-FUT,NFO
13670914,53402,OBEROIRLTY25JULFUT,OBEROIRLTY,0,7/31/2025,0,0.1,350,FUT,NFO-FUT,NFO
16630786,64964,OBEROIRLTY25AUGFUT,OBEROIRLTY,0,8/28/2025,0,0.1,350,FUT,NFO-FUT,NFO
13671170,53403,OFSS25JULFUT,OFSS,0,7/31/2025,0,0.5,75,FUT,NFO-FUT,NFO
16631042,64965,OFSS25AUGFUT,OFSS,0,8/28/2025,0,0.5,75,FUT,NFO-FUT,NFO
13671426,53404,OIL25JULFUT,OIL,0,7/31/2025,0,0.05,1400,FUT,NFO-FUT,NFO
16631810,64968,OIL25AUGFUT,OIL,0,8/28/2025,0,0.05,1400,FUT,NFO-FUT,NFO
13671682,53405,ONGC25JULFUT,ONGC,0,7/31/2025,0,0.01,2250,FUT,NFO-FUT,NFO
16632066,64969,ONGC25AUGFUT,ONGC,0,8/28/2025,0,0.01,2250,FUT,NFO-FUT,NFO
13671938,53406,PAGEIND25JULFUT,PAGEIND,0,7/31/2025,0,5,15,FUT,NFO-FUT,NFO
16632322,64970,PAGEIND25AUGFUT,PAGEIND,0,8/28/2025,0,5,15,FUT,NFO-FUT,NFO
13672194,53407,PATANJALI25JULFUT,PATANJALI,0,7/31/2025,0,0.1,300,FUT,NFO-FUT,NFO
16632578,64971,PATANJALI25AUGFUT,PATANJALI,0,8/28/2025,0,0.1,300,FUT,NFO-FUT,NFO
13672450,53408,PAYTM25JULFUT,PAYTM,0,7/31/2025,0,0.05,725,FUT,NFO-FUT,NFO
16632834,64972,PAYTM25AUGFUT,PAYTM,0,8/28/2025,0,0.05,725,FUT,NFO-FUT,NFO
13672706,53409,PEL25JULFUT,PEL,0,7/31/2025,0,0.1,750,FUT,NFO-FUT,NFO
13673730,53413,PERSISTENT25JULFUT,PERSISTENT,0,7/31/2025,0,0.5,100,FUT,NFO-FUT,NFO
16633090,64973,PERSISTENT25AUGFUT,PERSISTENT,0,8/28/2025,0,0.5,100,FUT,NFO-FUT,NFO
13673986,53414,PETRONET25JULFUT,PETRONET,0,7/31/2025,0,0.05,1800,FUT,NFO-FUT,NFO
16633346,64974,PETRONET25AUGFUT,PETRONET,0,8/28/2025,0,0.05,1800,FUT,NFO-FUT,NFO
13674242,53415,PFC25JULFUT,PFC,0,7/31/2025,0,0.05,1300,FUT,NFO-FUT,NFO
16633602,64975,PFC25AUGFUT,PFC,0,8/28/2025,0,0.05,1300,FUT,NFO-FUT,NFO
13763330,53763,PGEL25JULFUT,PGEL,0,7/31/2025,0,0.05,700,FUT,NFO-FUT,NFO
13763586,53764,PGEL25AUGFUT,PGEL,0,8/28/2025,0,0.05,700,FUT,NFO-FUT,NFO
13674498,53416,PHOENIXLTD25JULFUT,PHOENIXLTD,0,7/31/2025,0,0.1,350,FUT,NFO-FUT,NFO
16633858,64976,PHOENIXLTD25AUGFUT,PHOENIXLTD,0,8/28/2025,0,0.1,350,FUT,NFO-FUT,NFO
13675010,53418,PIDILITIND25JULFUT,PIDILITIND,0,7/31/2025,0,0.1,250,FUT,NFO-FUT,NFO
16634114,64977,PIDILITIND25AUGFUT,PIDILITIND,0,8/28/2025,0,0.1,250,FUT,NFO-FUT,NFO
13675266,53419,PIIND25JULFUT,PIIND,0,7/31/2025,0,0.1,175,FUT,NFO-FUT,NFO
16634370,64978,PIIND25AUGFUT,PIIND,0,8/28/2025,0,0.1,175,FUT,NFO-FUT,NFO
13675522,53420,PNB25JULFUT,PNB,0,7/31/2025,0,0.01,8000,FUT,NFO-FUT,NFO
16634626,64979,PNB25AUGFUT,PNB,0,8/28/2025,0,0.01,8000,FUT,NFO-FUT,NFO
13675778,53421,PNBHOUSING25JULFUT,PNBHOUSING,0,7/31/2025,0,0.1,650,FUT,NFO-FUT,NFO
16635138,64981,PNBHOUSING25AUGFUT,PNBHOUSING,0,8/28/2025,0,0.1,650,FUT,NFO-FUT,NFO
13676034,53422,POLICYBZR25JULFUT,POLICYBZR,0,7/31/2025,0,0.1,350,FUT,NFO-FUT,NFO
16635394,64982,POLICYBZR25AUGFUT,POLICYBZR,0,8/28/2025,0,0.1,350,FUT,NFO-FUT,NFO
13676290,53423,POLYCAB25JULFUT,POLYCAB,0,7/31/2025,0,0.5,125,FUT,NFO-FUT,NFO
16635906,64984,POLYCAB25AUGFUT,POLYCAB,0,8/28/2025,0,0.5,125,FUT,NFO-FUT,NFO
13676546,53424,POONAWALLA25JULFUT,POONAWALLA,0,7/31/2025,0,0.05,1700,FUT,NFO-FUT,NFO
16636162,64985,POONAWALLA25AUGFUT,POONAWALLA,0,8/28/2025,0,0.05,1700,FUT,NFO-FUT,NFO
13676802,53425,POWERGRID25JULFUT,POWERGRID,0,7/31/2025,0,0.05,1900,FUT,NFO-FUT,NFO
16636418,64986,POWERGRID25AUGFUT,POWERGRID,0,8/28/2025,0,0.05,1900,FUT,NFO-FUT,NFO
16636930,64988,PPLPHARMA25JULFUT,PPLPHARMA,0,7/31/2025,0,0.01,2500,FUT,NFO-FUT,NFO
16637186,64989,PPLPHARMA25AUGFUT,PPLPHARMA,0,8/28/2025,0,0.01,2500,FUT,NFO-FUT,NFO
13677058,53426,PRESTIGE25JULFUT,PRESTIGE,0,7/31/2025,0,0.1,450,FUT,NFO-FUT,NFO
16637442,64990,PRESTIGE25AUGFUT,PRESTIGE,0,8/28/2025,0,0.1,450,FUT,NFO-FUT,NFO
13677314,53427,RBLBANK25JULFUT,RBLBANK,0,7/31/2025,0,0.01,3175,FUT,NFO-FUT,NFO
16637698,64991,RBLBANK25AUGFUT,RBLBANK,0,8/28/2025,0,0.01,3175,FUT,NFO-FUT,NFO
13677570,53428,RECLTD25JULFUT,RECLTD,0,7/31/2025,0,0.05,1275,FUT,NFO-FUT,NFO
16638466,64994,RECLTD25AUGFUT,RECLTD,0,8/28/2025,0,0.05,1275,FUT,NFO-FUT,NFO
13677826,53429,RELIANCE25JULFUT,RELIANCE,0,7/31/2025,0,0.1,500,FUT,NFO-FUT,NFO
16638722,64995,RELIANCE25AUGFUT,RELIANCE,0,8/28/2025,0,0.1,500,FUT,NFO-FUT,NFO
16639234,64997,RVNL25JULFUT,RVNL,0,7/31/2025,0,0.05,1375,FUT,NFO-FUT,NFO
16639490,64998,RVNL25AUGFUT,RVNL,0,8/28/2025,0,0.05,1375,FUT,NFO-FUT,NFO
13678082,53430,SAIL25JULFUT,SAIL,0,7/31/2025,0,0.01,4700,FUT,NFO-FUT,NFO
16639746,64999,SAIL25AUGFUT,SAIL,0,8/28/2025,0,0.01,4700,FUT,NFO-FUT,NFO
13678338,53431,SBICARD25JULFUT,SBICARD,0,7/31/2025,0,0.05,800,FUT,NFO-FUT,NFO
16648706,65034,SBICARD25AUGFUT,SBICARD,0,8/28/2025,0,0.05,800,FUT,NFO-FUT,NFO
13678594,53432,SBILIFE25JULFUT,SBILIFE,0,7/31/2025,0,0.1,375,FUT,NFO-FUT,NFO
16648962,65035,SBILIFE25AUGFUT,SBILIFE,0,8/28/2025,0,0.1,375,FUT,NFO-FUT,NFO
13678850,53433,SBIN25JULFUT,SBIN,0,7/31/2025,0,0.05,750,FUT,NFO-FUT,NFO
16649218,65036,SBIN25AUGFUT,SBIN,0,8/28/2025,0,0.05,750,FUT,NFO-FUT,NFO
13679106,53434,SHREECEM25JULFUT,SHREECEM,0,7/31/2025,0,5,25,FUT,NFO-FUT,NFO
16649474,65037,SHREECEM25AUGFUT,SHREECEM,0,8/28/2025,0,5,25,FUT,NFO-FUT,NFO
13679362,53435,SHRIRAMFIN25JULFUT,SHRIRAMFIN,0,7/31/2025,0,0.05,825,FUT,NFO-FUT,NFO
16671746,65124,SHRIRAMFIN25AUGFUT,SHRIRAMFIN,0,8/28/2025,0,0.05,825,FUT,NFO-FUT,NFO
13679618,53436,SIEMENS25JULFUT,SIEMENS,0,7/31/2025,0,0.1,125,FUT,NFO-FUT,NFO
16672002,65125,SIEMENS25AUGFUT,SIEMENS,0,8/28/2025,0,0.1,125,FUT,NFO-FUT,NFO
13679874,53437,SJVN25JULFUT,SJVN,0,7/31/2025,0,0.01,5875,FUT,NFO-FUT,NFO
16685058,65176,SJVN25AUGFUT,SJVN,0,8/28/2025,0,0.01,5875,FUT,NFO-FUT,NFO
13680130,53438,SOLARINDS25JULFUT,SOLARINDS,0,7/31/2025,0,1,75,FUT,NFO-FUT,NFO
16685314,65177,SOLARINDS25AUGFUT,SOLARINDS,0,8/28/2025,0,1,75,FUT,NFO-FUT,NFO
13680386,53439,SONACOMS25JULFUT,SONACOMS,0,7/31/2025,0,0.05,1050,FUT,NFO-FUT,NFO
16690178,65196,SONACOMS25AUGFUT,SONACOMS,0,8/28/2025,0,0.05,1050,FUT,NFO-FUT,NFO
13680642,53440,SRF25JULFUT,SRF,0,7/31/2025,0,0.1,200,FUT,NFO-FUT,NFO
16690434,65197,SRF25AUGFUT,SRF,0,8/28/2025,0,0.1,200,FUT,NFO-FUT,NFO
13680898,53441,SUNPHARMA25JULFUT,SUNPHARMA,0,7/31/2025,0,0.1,350,FUT,NFO-FUT,NFO
16690690,65198,SUNPHARMA25AUGFUT,SUNPHARMA,0,8/28/2025,0,0.1,350,FUT,NFO-FUT,NFO
13681154,53442,SUPREMEIND25JULFUT,SUPREMEIND,0,7/31/2025,0,0.1,175,FUT,NFO-FUT,NFO
16691970,65203,SUPREMEIND25AUGFUT,SUPREMEIND,0,8/28/2025,0,0.1,175,FUT,NFO-FUT,NFO
13681410,53443,SYNGENE25JULFUT,SYNGENE,0,7/31/2025,0,0.05,1000,FUT,NFO-FUT,NFO
16692738,65206,SYNGENE25AUGFUT,SYNGENE,0,8/28/2025,0,0.05,1000,FUT,NFO-FUT,NFO
13682690,53448,TATACHEM25JULFUT,TATACHEM,0,7/31/2025,0,0.05,650,FUT,NFO-FUT,NFO
16692994,65207,TATACHEM25AUGFUT,TATACHEM,0,8/28/2025,0,0.05,650,FUT,NFO-FUT,NFO
13682946,53449,TATACOMM25JULFUT,TATACOMM,0,7/31/2025,0,0.1,350,FUT,NFO-FUT,NFO
13683202,53450,TATACONSUM25JULFUT,TATACONSUM,0,7/31/2025,0,0.1,550,FUT,NFO-FUT,NFO
16693250,65208,TATACONSUM25AUGFUT,TATACONSUM,0,8/28/2025,0,0.1,550,FUT,NFO-FUT,NFO
13683458,53451,TATAELXSI25JULFUT,TATAELXSI,0,7/31/2025,0,0.5,100,FUT,NFO-FUT,NFO
16694274,65212,TATAELXSI25AUGFUT,TATAELXSI,0,8/28/2025,0,0.5,100,FUT,NFO-FUT,NFO
13683714,53452,TATAMOTORS25JULFUT,TATAMOTORS,0,7/31/2025,0,0.05,800,FUT,NFO-FUT,NFO
16694530,65213,TATAMOTORS25AUGFUT,TATAMOTORS,0,8/28/2025,0,0.05,800,FUT,NFO-FUT,NFO
13683970,53453,TATAPOWER25JULFUT,TATAPOWER,0,7/31/2025,0,0.05,1450,FUT,NFO-FUT,NFO
16695554,65217,TATAPOWER25AUGFUT,TATAPOWER,0,8/28/2025,0,0.05,1450,FUT,NFO-FUT,NFO
13684226,53454,TATASTEEL25JULFUT,TATASTEEL,0,7/31/2025,0,0.01,5500,FUT,NFO-FUT,NFO
16695810,65218,TATASTEEL25AUGFUT,TATASTEEL,0,8/28/2025,0,0.01,5500,FUT,NFO-FUT,NFO
13684482,53455,TATATECH25JULFUT,TATATECH,0,7/31/2025,0,0.05,800,FUT,NFO-FUT,NFO
16696578,65221,TATATECH25AUGFUT,TATATECH,0,8/28/2025,0,0.05,800,FUT,NFO-FUT,NFO
13685762,53460,TCS25JULFUT,TCS,0,7/31/2025,0,0.1,175,FUT,NFO-FUT,NFO
16696834,65222,TCS25AUGFUT,TCS,0,8/28/2025,0,0.1,175,FUT,NFO-FUT,NFO
13686018,53461,TECHM25JULFUT,TECHM,0,7/31/2025,0,0.1,600,FUT,NFO-FUT,NFO
16697090,65223,TECHM25AUGFUT,TECHM,0,8/28/2025,0,0.1,600,FUT,NFO-FUT,NFO
13686786,53464,TIINDIA25JULFUT,TIINDIA,0,7/31/2025,0,0.1,200,FUT,NFO-FUT,NFO
16697346,65224,TIINDIA25AUGFUT,TIINDIA,0,8/28/2025,0,0.1,200,FUT,NFO-FUT,NFO
13687042,53465,TITAGARH25JULFUT,TITAGARH,0,7/31/2025,0,0.05,725,FUT,NFO-FUT,NFO
16697602,65225,TITAGARH25AUGFUT,TITAGARH,0,8/28/2025,0,0.05,725,FUT,NFO-FUT,NFO
13687298,53466,TITAN25JULFUT,TITAN,0,7/31/2025,0,0.1,175,FUT,NFO-FUT,NFO
16697858,65226,TITAN25AUGFUT,TITAN,0,8/28/2025,0,0.1,175,FUT,NFO-FUT,NFO
13687554,53467,TORNTPHARM25JULFUT,TORNTPHARM,0,7/31/2025,0,0.1,250,FUT,NFO-FUT,NFO
16698114,65227,TORNTPHARM25AUGFUT,TORNTPHARM,0,8/28/2025,0,0.1,250,FUT,NFO-FUT,NFO
13687810,53468,TORNTPOWER25JULFUT,TORNTPOWER,0,7/31/2025,0,0.1,375,FUT,NFO-FUT,NFO
16698370,65228,TORNTPOWER25AUGFUT,TORNTPOWER,0,8/28/2025,0,0.1,375,FUT,NFO-FUT,NFO
13688066,53469,TRENT25JULFUT,TRENT,0,7/31/2025,0,0.5,100,FUT,NFO-FUT,NFO
16699138,65231,TRENT25AUGFUT,TRENT,0,8/28/2025,0,0.5,100,FUT,NFO-FUT,NFO
13688322,53470,TVSMOTOR25JULFUT,TVSMOTOR,0,7/31/2025,0,0.1,350,FUT,NFO-FUT,NFO
16699394,65232,TVSMOTOR25AUGFUT,TVSMOTOR,0,8/28/2025,0,0.1,350,FUT,NFO-FUT,NFO
13688578,53471,ULTRACEMCO25JULFUT,ULTRACEMCO,0,7/31/2025,0,1,50,FUT,NFO-FUT,NFO
16699650,65233,ULTRACEMCO25AUGFUT,ULTRACEMCO,0,8/28/2025,0,1,50,FUT,NFO-FUT,NFO
13688834,53472,UNIONBANK25JULFUT,UNIONBANK,0,7/31/2025,0,0.01,4425,FUT,NFO-FUT,NFO
16699906,65234,UNIONBANK25AUGFUT,UNIONBANK,0,8/28/2025,0,0.01,4425,FUT,NFO-FUT,NFO
13689090,53473,UNITDSPR25JULFUT,UNITDSPR,0,7/31/2025,0,0.1,400,FUT,NFO-FUT,NFO
16700162,65235,UNITDSPR25AUGFUT,UNITDSPR,0,8/28/2025,0,0.1,400,FUT,NFO-FUT,NFO
16701186,65239,UNOMINDA25JULFUT,UNOMINDA,0,7/31/2025,0,0.1,550,FUT,NFO-FUT,NFO
16701954,65242,UNOMINDA25AUGFUT,UNOMINDA,0,8/28/2025,0,0.1,550,FUT,NFO-FUT,NFO
13689346,53474,UPL25JULFUT,UPL,0,7/31/2025,0,0.05,1355,FUT,NFO-FUT,NFO
16702210,65243,UPL25AUGFUT,UPL,0,8/28/2025,0,0.05,1355,FUT,NFO-FUT,NFO
13689602,53475,VBL25JULFUT,VBL,0,7/31/2025,0,0.05,1025,FUT,NFO-FUT,NFO
16702466,65244,VBL25AUGFUT,VBL,0,8/28/2025,0,0.05,1025,FUT,NFO-FUT,NFO
13690370,53478,VEDL25JULFUT,VEDL,0,7/31/2025,0,0.05,1150,FUT,NFO-FUT,NFO
16702722,65245,VEDL25AUGFUT,VEDL,0,8/28/2025,0,0.05,1150,FUT,NFO-FUT,NFO
13690626,53479,VOLTAS25JULFUT,VOLTAS,0,7/31/2025,0,0.1,375,FUT,NFO-FUT,NFO
16703490,65248,VOLTAS25AUGFUT,VOLTAS,0,8/28/2025,0,0.1,375,FUT,NFO-FUT,NFO
13690882,53480,WIPRO25JULFUT,WIPRO,0,7/31/2025,0,0.01,3000,FUT,NFO-FUT,NFO
16703746,65249,WIPRO25AUGFUT,WIPRO,0,8/28/2025,0,0.01,3000,FUT,NFO-FUT,NFO
13691138,53481,YESBANK25JULFUT,YESBANK,0,7/31/2025,0,0.01,31100,FUT,NFO-FUT,NFO
16704002,65250,YESBANK25AUGFUT,YESBANK,0,8/28/2025,0,0.01,31100,FUT,NFO-FUT,NFO
13691906,53484,ZYDUSLIFE25JULFUT,ZYDUSLIFE,0,7/31/2025,0,0.05,900,FUT,NFO-FUT,NFO
16704258,65251,ZYDUSLIFE25AUGFUT,ZYDUSLIFE,0,8/28/2025,0,0.05,900,FUT,NFO-FUT,NFO